<?xml version="1.0" encoding="UTF-8"?>
<!DOCTYPE bindings PUBLIC "-//NetBeans//DTD Editor KeyBindings settings 1.1//EN" "http://www.netbeans.org/dtds/EditorKeyBindings-1_1.dtd">
<bindings>
    <bind actionName="all-completion-show" key="O-BACK_SLASH"/>
    <bind actionName="all-completion-show" key="D-BACK_SLASH"/>
    <bind actionName="caret-backward" key="D-H"/>
    <bind actionName="caret-down" key="D-J"/>
    <bind actionName="caret-forward" key="D-L"/>
    <bind actionName="caret-up" key="D-K"/>
    <bind actionName="cut-to-clipboard" key="D-D"/>
    <bind actionName="match-brace" key="D-CLOSE_BRACKET"/>
    <bind actionName="match-brace" key="O-OPEN_BRACKET"/>
    <bind actionName="match-brace" key="O-CLOSE_BRACKET"/>
    <bind actionName="next-marked-occurrence" key="O-J"/>
    <bind actionName="prev-marked-occurrence" key="O-K"/>
    <bind key="SD-C" remove="true"/>
    <bind key="SD-K" remove="true"/>
    <bind key="O-BACK_SPACE" remove="true"/>
    <bind key="KP_UP" remove="true"/>
    <bind key="S-SPACE" remove="true"/>
    <bind key="D-U$S" remove="true"/>
    <bind key="D-E" remove="true"/>
    <bind key="F3" remove="true"/>
    <bind key="S-TAB" remove="true"/>
    <bind key="D-U$U" remove="true"/>
    <bind key="S-F10" remove="true"/>
    <bind key="S-F3" remove="true"/>
    <bind key="SO-OPEN_BRACKET" remove="true"/>
    <bind key="D-F3" remove="true"/>
    <bind key="D-U$L" remove="true"/>
    <bind key="D-T" remove="true"/>
</bindings>
